﻿pos_x,pos_y,rotation,side,designator,mpn,pack,value,mount_type,place
54.4625,-87.24,90.0,top,D1,,LED_D5.0mm-4_RGB_Wide_Pins,LED_BGAR,tht,True
54.4625,-97.399,90.0,top,D2,,LED_D5.0mm-4_RGB_Wide_Pins,LED_BGAR,tht,True
130.0,-77.92,0.0,top,J1,,PinSocket_1x05_P2.54mm_Vertical,Conn_01x05,tht,True
108.46,-78.23,90.0,top,J2,,PinSocket_1x03_P2.54mm_Vertical,Conn_01x03,tht,True
108.0,-73.0,180.0,top,J3,,PinSocket_1x01_P2.54mm_Vertical,Conn_01x01,tht,True
114.0,-73.0,180.0,top,J4,,PinSocket_1x01_P2.54mm_Vertical,Conn_01x01,tht,True
66.0,-78.0,0.0,top,R1,,R_Axial_DIN0204_L3.6mm_D1.6mm_P5.08mm_Horizontal,R,tht,True
66.0,-74.0,0.0,top,R2,,R_Axial_DIN0204_L3.6mm_D1.6mm_P5.08mm_Horizontal,R,tht,True
84.8425,-96.16,0.0,top,TB1,,SHIELD_ARDUINO_NANO,ARDUINO_NANO,tht,True
41.46,-103.375,0.0,top,U1,,nRF24L01_Breakout,NRF24L01_Breakout,tht,True
115.825,-101.62,0.0,top,U2,,XDCR_COM-09032,COM-09032,tht,True
